"label","abrreviated","cluster","r_names","official_name"
"ADPSBQ_X","ADPSBQ","X","adipose_subcutaneous","Adipose - Subcutaneous"
"ADPSBQ_A_1","ADPSBQ","A.1","adipose_subcutaneous","Adipose - Subcutaneous"
"ADPSBQ_A_2","ADPSBQ","A.2","adipose_subcutaneous","Adipose - Subcutaneous"
"ADPSBQ_B","ADPSBQ","B","adipose_subcutaneous","Adipose - Subcutaneous"
"ADPSBQ_C","ADPSBQ","C","adipose_subcutaneous","Adipose - Subcutaneous"
"ADPSBQ_D_1","ADPSBQ","D.1","adipose_subcutaneous","Adipose - Subcutaneous"
"ADPSBQ_D_2","ADPSBQ","D.2","adipose_subcutaneous","Adipose - Subcutaneous"
"ADPSBQ_E","ADPSBQ","E","adipose_subcutaneous","Adipose - Subcutaneous"
"ADPSBQ_F","ADPSBQ","F","adipose_subcutaneous","Adipose - Subcutaneous"
"ADPSBQ_G","ADPSBQ","G","adipose_subcutaneous","Adipose - Subcutaneous"
"ADPSBQ_H","ADPSBQ","H","adipose_subcutaneous","Adipose - Subcutaneous"
"ADPSBQ_I","ADPSBQ","I","adipose_subcutaneous","Adipose - Subcutaneous"
"ADPSBQ_J_1","ADPSBQ","J.1","adipose_subcutaneous","Adipose - Subcutaneous"
"ADPSBQ_J_2","ADPSBQ","J.2","adipose_subcutaneous","Adipose - Subcutaneous"
"ADPVSC_X","ADPVSC","X","adipose_visceral__omentum","Adipose - Visceral (Omentum)"
"ADPVSC_A_1","ADPVSC","A.1","adipose_visceral__omentum","Adipose - Visceral (Omentum)"
"ADPVSC_A_2","ADPVSC","A.2","adipose_visceral__omentum","Adipose - Visceral (Omentum)"
"ADPVSC_B","ADPVSC","B","adipose_visceral__omentum","Adipose - Visceral (Omentum)"
"ADPVSC_C","ADPVSC","C","adipose_visceral__omentum","Adipose - Visceral (Omentum)"
"ADPVSC_D","ADPVSC","D","adipose_visceral__omentum","Adipose - Visceral (Omentum)"
"ADPVSC_E","ADPVSC","E","adipose_visceral__omentum","Adipose - Visceral (Omentum)"
"ADPVSC_F_1","ADPVSC","F.1","adipose_visceral__omentum","Adipose - Visceral (Omentum)"
"ADPVSC_F_2","ADPVSC","F.2","adipose_visceral__omentum","Adipose - Visceral (Omentum)"
"ADPVSC_G_1","ADPVSC","G.1","adipose_visceral__omentum","Adipose - Visceral (Omentum)"
"ADPVSC_G_2","ADPVSC","G.2","adipose_visceral__omentum","Adipose - Visceral (Omentum)"
"ADRNLG_X","ADRNLG","X","adrenal_gland","Adrenal Gland"
"ADRNLG_A_1","ADRNLG","A.1","adrenal_gland","Adrenal Gland"
"ADRNLG_A_2","ADRNLG","A.2","adrenal_gland","Adrenal Gland"
"ADRNLG_B","ADRNLG","B","adrenal_gland","Adrenal Gland"
"ADRNLG_C","ADRNLG","C","adrenal_gland","Adrenal Gland"
"ADRNLG_D","ADRNLG","D","adrenal_gland","Adrenal Gland"
"ADRNLG_E","ADRNLG","E","adrenal_gland","Adrenal Gland"
"ADRNLG_F","ADRNLG","F","adrenal_gland","Adrenal Gland"
"ADRNLG_G","ADRNLG","G","adrenal_gland","Adrenal Gland"
"ADRNLG_H","ADRNLG","H","adrenal_gland","Adrenal Gland"
"ADRNLG_I","ADRNLG","I","adrenal_gland","Adrenal Gland"
"ADRNLG_J","ADRNLG","J","adrenal_gland","Adrenal Gland"
"ADRNLG_K_1","ADRNLG","K.1","adrenal_gland","Adrenal Gland"
"ADRNLG_K_2","ADRNLG","K.2","adrenal_gland","Adrenal Gland"
"ARTAORT_X","ARTAORT","X","artery_aorta","Artery - Aorta"
"ARTAORT_A_1","ARTAORT","A.1","artery_aorta","Artery - Aorta"
"ARTAORT_A_2","ARTAORT","A.2","artery_aorta","Artery - Aorta"
"ARTAORT_B","ARTAORT","B","artery_aorta","Artery - Aorta"
"ARTAORT_C","ARTAORT","C","artery_aorta","Artery - Aorta"
"ARTAORT_D_1","ARTAORT","D.1","artery_aorta","Artery - Aorta"
"ARTAORT_D_2","ARTAORT","D.2","artery_aorta","Artery - Aorta"
"ARTAORT_E","ARTAORT","E","artery_aorta","Artery - Aorta"
"ARTAORT_F","ARTAORT","F","artery_aorta","Artery - Aorta"
"ARTAORT_G_1","ARTAORT","G.1","artery_aorta","Artery - Aorta"
"ARTAORT_G_2","ARTAORT","G.2","artery_aorta","Artery - Aorta"
"ARTAORT_H","ARTAORT","H","artery_aorta","Artery - Aorta"
"ARTAORT_I","ARTAORT","I","artery_aorta","Artery - Aorta"
"ARTAORT_J_1","ARTAORT","J.1","artery_aorta","Artery - Aorta"
"ARTAORT_J_2","ARTAORT","J.2","artery_aorta","Artery - Aorta"
"ARTCRN_X","ARTCRN","X","artery_coronary","Artery - Coronary"
"ARTCRN_A","ARTCRN","A","artery_coronary","Artery - Coronary"
"ARTCRN_B","ARTCRN","B","artery_coronary","Artery - Coronary"
"ARTCRN_C_1","ARTCRN","C.1","artery_coronary","Artery - Coronary"
"ARTCRN_C_2","ARTCRN","C.2","artery_coronary","Artery - Coronary"
"ARTCRN_D","ARTCRN","D","artery_coronary","Artery - Coronary"
"ARTCRN_E","ARTCRN","E","artery_coronary","Artery - Coronary"
"ARTCRN_F","ARTCRN","F","artery_coronary","Artery - Coronary"
"ARTCRN_G_1","ARTCRN","G.1","artery_coronary","Artery - Coronary"
"ARTCRN_G_2","ARTCRN","G.2","artery_coronary","Artery - Coronary"
"ARTTBL_X","ARTTBL","X","artery_tibial","Artery - Tibial"
"ARTTBL_A","ARTTBL","A","artery_tibial","Artery - Tibial"
"ARTTBL_B_1","ARTTBL","B.1","artery_tibial","Artery - Tibial"
"ARTTBL_B_2","ARTTBL","B.2","artery_tibial","Artery - Tibial"
"ARTTBL_C_1","ARTTBL","C.1","artery_tibial","Artery - Tibial"
"ARTTBL_C_2","ARTTBL","C.2","artery_tibial","Artery - Tibial"
"ARTTBL_D_1","ARTTBL","D.1","artery_tibial","Artery - Tibial"
"ARTTBL_D_2","ARTTBL","D.2","artery_tibial","Artery - Tibial"
"ARTTBL_E_1","ARTTBL","E.1","artery_tibial","Artery - Tibial"
"ARTTBL_E_2","ARTTBL","E.2","artery_tibial","Artery - Tibial"
"ARTTBL_F_1","ARTTBL","F.1","artery_tibial","Artery - Tibial"
"ARTTBL_F_2","ARTTBL","F.2","artery_tibial","Artery - Tibial"
"ARTTBL_G","ARTTBL","G","artery_tibial","Artery - Tibial"
"ARTTBL_H_1","ARTTBL","H.1","artery_tibial","Artery - Tibial"
"ARTTBL_H_2","ARTTBL","H.2","artery_tibial","Artery - Tibial"
"BRNAMY_X","BRNAMY","X","brain_amygdala","Brain - Amygdala"
"BRNAMY_A","BRNAMY","A","brain_amygdala","Brain - Amygdala"
"BRNAMY_B","BRNAMY","B","brain_amygdala","Brain - Amygdala"
"BRNAMY_C","BRNAMY","C","brain_amygdala","Brain - Amygdala"
"BRNAMY_D","BRNAMY","D","brain_amygdala","Brain - Amygdala"
"BRNAMY_E","BRNAMY","E","brain_amygdala","Brain - Amygdala"
"BRNAMY_F","BRNAMY","F","brain_amygdala","Brain - Amygdala"
"BRNAMY_G","BRNAMY","G","brain_amygdala","Brain - Amygdala"
"BRNAMY_H","BRNAMY","H","brain_amygdala","Brain - Amygdala"
"BRNAMY_I","BRNAMY","I","brain_amygdala","Brain - Amygdala"
"BRNAMY_J","BRNAMY","J","brain_amygdala","Brain - Amygdala"
"BRNAMY_K","BRNAMY","K","brain_amygdala","Brain - Amygdala"
"BRNAMY_L_1","BRNAMY","L.1","brain_amygdala","Brain - Amygdala"
"BRNAMY_L_2","BRNAMY","L.2","brain_amygdala","Brain - Amygdala"
"BRNACC_X","BRNACC","X","brain_anterior_cingulate_cortex__ba24","Brain - Anterior cingulate cortex (BA24)"
"BRNACC_A_1","BRNACC","A.1","brain_anterior_cingulate_cortex__ba24","Brain - Anterior cingulate cortex (BA24)"
"BRNACC_A_2","BRNACC","A.2","brain_anterior_cingulate_cortex__ba24","Brain - Anterior cingulate cortex (BA24)"
"BRNACC_B","BRNACC","B","brain_anterior_cingulate_cortex__ba24","Brain - Anterior cingulate cortex (BA24)"
"BRNACC_C","BRNACC","C","brain_anterior_cingulate_cortex__ba24","Brain - Anterior cingulate cortex (BA24)"
"BRNACC_D_1","BRNACC","D.1","brain_anterior_cingulate_cortex__ba24","Brain - Anterior cingulate cortex (BA24)"
"BRNACC_D_2","BRNACC","D.2","brain_anterior_cingulate_cortex__ba24","Brain - Anterior cingulate cortex (BA24)"
"BRNACC_E","BRNACC","E","brain_anterior_cingulate_cortex__ba24","Brain - Anterior cingulate cortex (BA24)"
"BRNACC_F","BRNACC","F","brain_anterior_cingulate_cortex__ba24","Brain - Anterior cingulate cortex (BA24)"
"BRNACC_G","BRNACC","G","brain_anterior_cingulate_cortex__ba24","Brain - Anterior cingulate cortex (BA24)"
"BRNACC_H_1","BRNACC","H.1","brain_anterior_cingulate_cortex__ba24","Brain - Anterior cingulate cortex (BA24)"
"BRNACC_H_2","BRNACC","H.2","brain_anterior_cingulate_cortex__ba24","Brain - Anterior cingulate cortex (BA24)"
"BRNCDT_X","BRNCDT","X","brain_caudate__basal_ganglia","Brain - Caudate (basal ganglia)"
"BRNCDT_A_1","BRNCDT","A.1","brain_caudate__basal_ganglia","Brain - Caudate (basal ganglia)"
"BRNCDT_A_2","BRNCDT","A.2","brain_caudate__basal_ganglia","Brain - Caudate (basal ganglia)"
"BRNCDT_B","BRNCDT","B","brain_caudate__basal_ganglia","Brain - Caudate (basal ganglia)"
"BRNCDT_C","BRNCDT","C","brain_caudate__basal_ganglia","Brain - Caudate (basal ganglia)"
"BRNCDT_D","BRNCDT","D","brain_caudate__basal_ganglia","Brain - Caudate (basal ganglia)"
"BRNCDT_E_1","BRNCDT","E.1","brain_caudate__basal_ganglia","Brain - Caudate (basal ganglia)"
"BRNCDT_E_2","BRNCDT","E.2","brain_caudate__basal_ganglia","Brain - Caudate (basal ganglia)"
"BRNCHB_X","BRNCHB","X","brain_cerebellar_hemisphere","Brain - Cerebellar Hemisphere"
"BRNCHB_A_1","BRNCHB","A.1","brain_cerebellar_hemisphere","Brain - Cerebellar Hemisphere"
"BRNCHB_A_2","BRNCHB","A.2","brain_cerebellar_hemisphere","Brain - Cerebellar Hemisphere"
"BRNCHB_B","BRNCHB","B","brain_cerebellar_hemisphere","Brain - Cerebellar Hemisphere"
"BRNCHB_C","BRNCHB","C","brain_cerebellar_hemisphere","Brain - Cerebellar Hemisphere"
"BRNCHB_D","BRNCHB","D","brain_cerebellar_hemisphere","Brain - Cerebellar Hemisphere"
"BRNCHB_E_1","BRNCHB","E.1","brain_cerebellar_hemisphere","Brain - Cerebellar Hemisphere"
"BRNCHB_E_2","BRNCHB","E.2","brain_cerebellar_hemisphere","Brain - Cerebellar Hemisphere"
"BRNCHB_F","BRNCHB","F","brain_cerebellar_hemisphere","Brain - Cerebellar Hemisphere"
"BRNCHB_G","BRNCHB","G","brain_cerebellar_hemisphere","Brain - Cerebellar Hemisphere"
"BRNCHB_H","BRNCHB","H","brain_cerebellar_hemisphere","Brain - Cerebellar Hemisphere"
"BRNCHB_I_1","BRNCHB","I.1","brain_cerebellar_hemisphere","Brain - Cerebellar Hemisphere"
"BRNCHB_I_2","BRNCHB","I.2","brain_cerebellar_hemisphere","Brain - Cerebellar Hemisphere"
"BRNCHB_J_1","BRNCHB","J.1","brain_cerebellar_hemisphere","Brain - Cerebellar Hemisphere"
"BRNCHB_J_2","BRNCHB","J.2","brain_cerebellar_hemisphere","Brain - Cerebellar Hemisphere"
"BRNCHA_X","BRNCHA","X","brain_cerebellum","Brain - Cerebellum"
"BRNCHA_A","BRNCHA","A","brain_cerebellum","Brain - Cerebellum"
"BRNCHA_B","BRNCHA","B","brain_cerebellum","Brain - Cerebellum"
"BRNCHA_C","BRNCHA","C","brain_cerebellum","Brain - Cerebellum"
"BRNCHA_D_1","BRNCHA","D.1","brain_cerebellum","Brain - Cerebellum"
"BRNCHA_D_2","BRNCHA","D.2","brain_cerebellum","Brain - Cerebellum"
"BRNCHA_E","BRNCHA","E","brain_cerebellum","Brain - Cerebellum"
"BRNCHA_F","BRNCHA","F","brain_cerebellum","Brain - Cerebellum"
"BRNCHA_G","BRNCHA","G","brain_cerebellum","Brain - Cerebellum"
"BRNCHA_H_1","BRNCHA","H.1","brain_cerebellum","Brain - Cerebellum"
"BRNCHA_H_2","BRNCHA","H.2","brain_cerebellum","Brain - Cerebellum"
"BRNCHA_I_1","BRNCHA","I.1","brain_cerebellum","Brain - Cerebellum"
"BRNCHA_I_2","BRNCHA","I.2","brain_cerebellum","Brain - Cerebellum"
"BRNCTXA_X","BRNCTXA","X","brain_cortex","Brain - Cortex"
"BRNCTXA_A","BRNCTXA","A","brain_cortex","Brain - Cortex"
"BRNCTXA_B","BRNCTXA","B","brain_cortex","Brain - Cortex"
"BRNCTXA_C","BRNCTXA","C","brain_cortex","Brain - Cortex"
"BRNCTXA_D","BRNCTXA","D","brain_cortex","Brain - Cortex"
"BRNCTXA_E_1","BRNCTXA","E.1","brain_cortex","Brain - Cortex"
"BRNCTXA_E_2","BRNCTXA","E.2","brain_cortex","Brain - Cortex"
"BRNCTXA_F","BRNCTXA","F","brain_cortex","Brain - Cortex"
"BRNCTXA_G","BRNCTXA","G","brain_cortex","Brain - Cortex"
"BRNCTXA_H_1","BRNCTXA","H.1","brain_cortex","Brain - Cortex"
"BRNCTXA_H_2","BRNCTXA","H.2","brain_cortex","Brain - Cortex"
"BRNCTXA_I_1","BRNCTXA","I.1","brain_cortex","Brain - Cortex"
"BRNCTXA_I_2","BRNCTXA","I.2","brain_cortex","Brain - Cortex"
"BRNCTXA_J_1","BRNCTXA","J.1","brain_cortex","Brain - Cortex"
"BRNCTXA_J_2","BRNCTXA","J.2","brain_cortex","Brain - Cortex"
"BRNCTXB_X","BRNCTXB","X","brain_frontal_cortex__ba9","Brain - Frontal Cortex (BA9)"
"BRNCTXB_A","BRNCTXB","A","brain_frontal_cortex__ba9","Brain - Frontal Cortex (BA9)"
"BRNCTXB_B","BRNCTXB","B","brain_frontal_cortex__ba9","Brain - Frontal Cortex (BA9)"
"BRNCTXB_C","BRNCTXB","C","brain_frontal_cortex__ba9","Brain - Frontal Cortex (BA9)"
"BRNCTXB_D_1","BRNCTXB","D.1","brain_frontal_cortex__ba9","Brain - Frontal Cortex (BA9)"
"BRNCTXB_D_2","BRNCTXB","D.2","brain_frontal_cortex__ba9","Brain - Frontal Cortex (BA9)"
"BRNCTXB_E_1","BRNCTXB","E.1","brain_frontal_cortex__ba9","Brain - Frontal Cortex (BA9)"
"BRNCTXB_E_2","BRNCTXB","E.2","brain_frontal_cortex__ba9","Brain - Frontal Cortex (BA9)"
"BRNCTXB_F_1","BRNCTXB","F.1","brain_frontal_cortex__ba9","Brain - Frontal Cortex (BA9)"
"BRNCTXB_F_2","BRNCTXB","F.2","brain_frontal_cortex__ba9","Brain - Frontal Cortex (BA9)"
"BRNCTXB_G","BRNCTXB","G","brain_frontal_cortex__ba9","Brain - Frontal Cortex (BA9)"
"BRNCTXB_H","BRNCTXB","H","brain_frontal_cortex__ba9","Brain - Frontal Cortex (BA9)"
"BRNCTXB_I_1","BRNCTXB","I.1","brain_frontal_cortex__ba9","Brain - Frontal Cortex (BA9)"
"BRNCTXB_I_2","BRNCTXB","I.2","brain_frontal_cortex__ba9","Brain - Frontal Cortex (BA9)"
"BRNHPP_X","BRNHPP","X","brain_hippocampus","Brain - Hippocampus"
"BRNHPP_A","BRNHPP","A","brain_hippocampus","Brain - Hippocampus"
"BRNHPP_B_1","BRNHPP","B.1","brain_hippocampus","Brain - Hippocampus"
"BRNHPP_B_2","BRNHPP","B.2","brain_hippocampus","Brain - Hippocampus"
"BRNHPP_C","BRNHPP","C","brain_hippocampus","Brain - Hippocampus"
"BRNHPP_D","BRNHPP","D","brain_hippocampus","Brain - Hippocampus"
"BRNHPP_E","BRNHPP","E","brain_hippocampus","Brain - Hippocampus"
"BRNHPP_F","BRNHPP","F","brain_hippocampus","Brain - Hippocampus"
"BRNHPP_G","BRNHPP","G","brain_hippocampus","Brain - Hippocampus"
"BRNHPP_H","BRNHPP","H","brain_hippocampus","Brain - Hippocampus"
"BRNHPP_I_1","BRNHPP","I.1","brain_hippocampus","Brain - Hippocampus"
"BRNHPP_I_2","BRNHPP","I.2","brain_hippocampus","Brain - Hippocampus"
"BRNHPT_X","BRNHPT","X","brain_hypothalamus","Brain - Hypothalamus"
"BRNHPT_A_1","BRNHPT","A.1","brain_hypothalamus","Brain - Hypothalamus"
"BRNHPT_A_2","BRNHPT","A.2","brain_hypothalamus","Brain - Hypothalamus"
"BRNHPT_B","BRNHPT","B","brain_hypothalamus","Brain - Hypothalamus"
"BRNHPT_C_1","BRNHPT","C.1","brain_hypothalamus","Brain - Hypothalamus"
"BRNHPT_C_2","BRNHPT","C.2","brain_hypothalamus","Brain - Hypothalamus"
"BRNHPT_D","BRNHPT","D","brain_hypothalamus","Brain - Hypothalamus"
"BRNHPT_E","BRNHPT","E","brain_hypothalamus","Brain - Hypothalamus"
"BRNHPT_F_1","BRNHPT","F.1","brain_hypothalamus","Brain - Hypothalamus"
"BRNHPT_F_2","BRNHPT","F.2","brain_hypothalamus","Brain - Hypothalamus"
"BRNHPT_G","BRNHPT","G","brain_hypothalamus","Brain - Hypothalamus"
"BRNHPT_H","BRNHPT","H","brain_hypothalamus","Brain - Hypothalamus"
"BRNHPT_I_1","BRNHPT","I.1","brain_hypothalamus","Brain - Hypothalamus"
"BRNHPT_I_2","BRNHPT","I.2","brain_hypothalamus","Brain - Hypothalamus"
"BRNNCC_X","BRNNCC","X","brain_nucleus_accumbens__basal_ganglia","Brain - Nucleus accumbens (basal ganglia)"
"BRNNCC_A_1","BRNNCC","A.1","brain_nucleus_accumbens__basal_ganglia","Brain - Nucleus accumbens (basal ganglia)"
"BRNNCC_A_2","BRNNCC","A.2","brain_nucleus_accumbens__basal_ganglia","Brain - Nucleus accumbens (basal ganglia)"
"BRNNCC_B","BRNNCC","B","brain_nucleus_accumbens__basal_ganglia","Brain - Nucleus accumbens (basal ganglia)"
"BRNNCC_C","BRNNCC","C","brain_nucleus_accumbens__basal_ganglia","Brain - Nucleus accumbens (basal ganglia)"
"BRNNCC_D","BRNNCC","D","brain_nucleus_accumbens__basal_ganglia","Brain - Nucleus accumbens (basal ganglia)"
"BRNNCC_E","BRNNCC","E","brain_nucleus_accumbens__basal_ganglia","Brain - Nucleus accumbens (basal ganglia)"
"BRNNCC_F","BRNNCC","F","brain_nucleus_accumbens__basal_ganglia","Brain - Nucleus accumbens (basal ganglia)"
"BRNNCC_G","BRNNCC","G","brain_nucleus_accumbens__basal_ganglia","Brain - Nucleus accumbens (basal ganglia)"
"BRNNCC_H","BRNNCC","H","brain_nucleus_accumbens__basal_ganglia","Brain - Nucleus accumbens (basal ganglia)"
"BRNNCC_I_1","BRNNCC","I.1","brain_nucleus_accumbens__basal_ganglia","Brain - Nucleus accumbens (basal ganglia)"
"BRNNCC_I_2","BRNNCC","I.2","brain_nucleus_accumbens__basal_ganglia","Brain - Nucleus accumbens (basal ganglia)"
"BRNPTM_X","BRNPTM","X","brain_putamen__basal_ganglia","Brain - Putamen (basal ganglia)"
"BRNPTM_A_1","BRNPTM","A.1","brain_putamen__basal_ganglia","Brain - Putamen (basal ganglia)"
"BRNPTM_A_2","BRNPTM","A.2","brain_putamen__basal_ganglia","Brain - Putamen (basal ganglia)"
"BRNPTM_B","BRNPTM","B","brain_putamen__basal_ganglia","Brain - Putamen (basal ganglia)"
"BRNPTM_C","BRNPTM","C","brain_putamen__basal_ganglia","Brain - Putamen (basal ganglia)"
"BRNPTM_D","BRNPTM","D","brain_putamen__basal_ganglia","Brain - Putamen (basal ganglia)"
"BRNPTM_E","BRNPTM","E","brain_putamen__basal_ganglia","Brain - Putamen (basal ganglia)"
"BRNPTM_F_1","BRNPTM","F.1","brain_putamen__basal_ganglia","Brain - Putamen (basal ganglia)"
"BRNPTM_F_2","BRNPTM","F.2","brain_putamen__basal_ganglia","Brain - Putamen (basal ganglia)"
"BRNPTM_G","BRNPTM","G","brain_putamen__basal_ganglia","Brain - Putamen (basal ganglia)"
"BRNPTM_H","BRNPTM","H","brain_putamen__basal_ganglia","Brain - Putamen (basal ganglia)"
"BRNPTM_I","BRNPTM","I","brain_putamen__basal_ganglia","Brain - Putamen (basal ganglia)"
"BRNSPC_X","BRNSPC","X","brain_spinal_cord__cervical_c_1","Brain - Spinal cord (cervical c-1)"
"BRNSPC_A","BRNSPC","A","brain_spinal_cord__cervical_c_1","Brain - Spinal cord (cervical c-1)"
"BRNSPC_B","BRNSPC","B","brain_spinal_cord__cervical_c_1","Brain - Spinal cord (cervical c-1)"
"BRNSPC_C","BRNSPC","C","brain_spinal_cord__cervical_c_1","Brain - Spinal cord (cervical c-1)"
"BRNSPC_D","BRNSPC","D","brain_spinal_cord__cervical_c_1","Brain - Spinal cord (cervical c-1)"
"BRNSPC_E","BRNSPC","E","brain_spinal_cord__cervical_c_1","Brain - Spinal cord (cervical c-1)"
"BRNSPC_F","BRNSPC","F","brain_spinal_cord__cervical_c_1","Brain - Spinal cord (cervical c-1)"
"BRNSPC_G","BRNSPC","G","brain_spinal_cord__cervical_c_1","Brain - Spinal cord (cervical c-1)"
"BRNSPC_H","BRNSPC","H","brain_spinal_cord__cervical_c_1","Brain - Spinal cord (cervical c-1)"
"BRNSNG_X","BRNSNG","X","brain_substantia_nigra","Brain - Substantia nigra"
"BRNSNG_A","BRNSNG","A","brain_substantia_nigra","Brain - Substantia nigra"
"BRNSNG_B","BRNSNG","B","brain_substantia_nigra","Brain - Substantia nigra"
"BRNSNG_C","BRNSNG","C","brain_substantia_nigra","Brain - Substantia nigra"
"BRNSNG_D","BRNSNG","D","brain_substantia_nigra","Brain - Substantia nigra"
"BRNSNG_E","BRNSNG","E","brain_substantia_nigra","Brain - Substantia nigra"
"BRNSNG_F","BRNSNG","F","brain_substantia_nigra","Brain - Substantia nigra"
"BRNSNG_G","BRNSNG","G","brain_substantia_nigra","Brain - Substantia nigra"
"BRNSNG_H","BRNSNG","H","brain_substantia_nigra","Brain - Substantia nigra"
"BREAST_X","BREAST","X","breast_mammary_tissue","Breast - Mammary Tissue"
"BREAST_A","BREAST","A","breast_mammary_tissue","Breast - Mammary Tissue"
"BREAST_B","BREAST","B","breast_mammary_tissue","Breast - Mammary Tissue"
"BREAST_C","BREAST","C","breast_mammary_tissue","Breast - Mammary Tissue"
"BREAST_D","BREAST","D","breast_mammary_tissue","Breast - Mammary Tissue"
"BREAST_E","BREAST","E","breast_mammary_tissue","Breast - Mammary Tissue"
"BREAST_F","BREAST","F","breast_mammary_tissue","Breast - Mammary Tissue"
"LCL_X","LCL","X","cells_ebv_transformed_lymphocytes","Cells - EBV-transformed lymphocytes"
"LCL_A","LCL","A","cells_ebv_transformed_lymphocytes","Cells - EBV-transformed lymphocytes"
"LCL_B_1","LCL","B.1","cells_ebv_transformed_lymphocytes","Cells - EBV-transformed lymphocytes"
"LCL_B_2","LCL","B.2","cells_ebv_transformed_lymphocytes","Cells - EBV-transformed lymphocytes"
"LCL_C","LCL","C","cells_ebv_transformed_lymphocytes","Cells - EBV-transformed lymphocytes"
"LCL_D","LCL","D","cells_ebv_transformed_lymphocytes","Cells - EBV-transformed lymphocytes"
"LCL_E","LCL","E","cells_ebv_transformed_lymphocytes","Cells - EBV-transformed lymphocytes"
"LCL_F","LCL","F","cells_ebv_transformed_lymphocytes","Cells - EBV-transformed lymphocytes"
"LCL_G_1","LCL","G.1","cells_ebv_transformed_lymphocytes","Cells - EBV-transformed lymphocytes"
"LCL_G_2","LCL","G.2","cells_ebv_transformed_lymphocytes","Cells - EBV-transformed lymphocytes"
"LCL_H_1","LCL","H.1","cells_ebv_transformed_lymphocytes","Cells - EBV-transformed lymphocytes"
"LCL_H_2","LCL","H.2","cells_ebv_transformed_lymphocytes","Cells - EBV-transformed lymphocytes"
"FIBRBLS_X","FIBRBLS","X","cells_cultured_fibroblasts","Cells - Cultured fibroblasts"
"FIBRBLS_A","FIBRBLS","A","cells_cultured_fibroblasts","Cells - Cultured fibroblasts"
"FIBRBLS_B_1","FIBRBLS","B.1","cells_cultured_fibroblasts","Cells - Cultured fibroblasts"
"FIBRBLS_B_2","FIBRBLS","B.2","cells_cultured_fibroblasts","Cells - Cultured fibroblasts"
"FIBRBLS_C_1","FIBRBLS","C.1","cells_cultured_fibroblasts","Cells - Cultured fibroblasts"
"FIBRBLS_C_2","FIBRBLS","C.2","cells_cultured_fibroblasts","Cells - Cultured fibroblasts"
"FIBRBLS_D_1","FIBRBLS","D.1","cells_cultured_fibroblasts","Cells - Cultured fibroblasts"
"FIBRBLS_D_2","FIBRBLS","D.2","cells_cultured_fibroblasts","Cells - Cultured fibroblasts"
"FIBRBLS_E","FIBRBLS","E","cells_cultured_fibroblasts","Cells - Cultured fibroblasts"
"FIBRBLS_F","FIBRBLS","F","cells_cultured_fibroblasts","Cells - Cultured fibroblasts"
"FIBRBLS_G_1","FIBRBLS","G.1","cells_cultured_fibroblasts","Cells - Cultured fibroblasts"
"FIBRBLS_G_2","FIBRBLS","G.2","cells_cultured_fibroblasts","Cells - Cultured fibroblasts"
"CLNSGM_X","CLNSGM","X","colon_sigmoid","Colon - Sigmoid"
"CLNSGM_A_1","CLNSGM","A.1","colon_sigmoid","Colon - Sigmoid"
"CLNSGM_A_2","CLNSGM","A.2","colon_sigmoid","Colon - Sigmoid"
"CLNSGM_B","CLNSGM","B","colon_sigmoid","Colon - Sigmoid"
"CLNSGM_C","CLNSGM","C","colon_sigmoid","Colon - Sigmoid"
"CLNSGM_D","CLNSGM","D","colon_sigmoid","Colon - Sigmoid"
"CLNSGM_E","CLNSGM","E","colon_sigmoid","Colon - Sigmoid"
"CLNSGM_F","CLNSGM","F","colon_sigmoid","Colon - Sigmoid"
"CLNSGM_G_1","CLNSGM","G.1","colon_sigmoid","Colon - Sigmoid"
"CLNSGM_G_2","CLNSGM","G.2","colon_sigmoid","Colon - Sigmoid"
"CLNSGM_H_1","CLNSGM","H.1","colon_sigmoid","Colon - Sigmoid"
"CLNSGM_H_2","CLNSGM","H.2","colon_sigmoid","Colon - Sigmoid"
"CLNSGM_I","CLNSGM","I","colon_sigmoid","Colon - Sigmoid"
"CLNTRN_X","CLNTRN","X","colon_transverse","Colon - Transverse"
"CLNTRN_A","CLNTRN","A","colon_transverse","Colon - Transverse"
"CLNTRN_B","CLNTRN","B","colon_transverse","Colon - Transverse"
"CLNTRN_C","CLNTRN","C","colon_transverse","Colon - Transverse"
"CLNTRN_D","CLNTRN","D","colon_transverse","Colon - Transverse"
"CLNTRN_E_1","CLNTRN","E.1","colon_transverse","Colon - Transverse"
"CLNTRN_E_2","CLNTRN","E.2","colon_transverse","Colon - Transverse"
"ESPGEJ_X","ESPGEJ","X","esophagus_gastroesophageal_junction","Esophagus - Gastroesophageal Junction"
"ESPGEJ_A_1","ESPGEJ","A.1","esophagus_gastroesophageal_junction","Esophagus - Gastroesophageal Junction"
"ESPGEJ_A_2","ESPGEJ","A.2","esophagus_gastroesophageal_junction","Esophagus - Gastroesophageal Junction"
"ESPGEJ_B","ESPGEJ","B","esophagus_gastroesophageal_junction","Esophagus - Gastroesophageal Junction"
"ESPGEJ_C_1","ESPGEJ","C.1","esophagus_gastroesophageal_junction","Esophagus - Gastroesophageal Junction"
"ESPGEJ_C_2","ESPGEJ","C.2","esophagus_gastroesophageal_junction","Esophagus - Gastroesophageal Junction"
"ESPGEJ_D","ESPGEJ","D","esophagus_gastroesophageal_junction","Esophagus - Gastroesophageal Junction"
"ESPGEJ_E","ESPGEJ","E","esophagus_gastroesophageal_junction","Esophagus - Gastroesophageal Junction"
"ESPGEJ_F_1","ESPGEJ","F.1","esophagus_gastroesophageal_junction","Esophagus - Gastroesophageal Junction"
"ESPGEJ_F_2","ESPGEJ","F.2","esophagus_gastroesophageal_junction","Esophagus - Gastroesophageal Junction"
"ESPGEJ_G","ESPGEJ","G","esophagus_gastroesophageal_junction","Esophagus - Gastroesophageal Junction"
"ESPGEJ_H","ESPGEJ","H","esophagus_gastroesophageal_junction","Esophagus - Gastroesophageal Junction"
"ESPGEJ_I_1","ESPGEJ","I.1","esophagus_gastroesophageal_junction","Esophagus - Gastroesophageal Junction"
"ESPGEJ_I_2","ESPGEJ","I.2","esophagus_gastroesophageal_junction","Esophagus - Gastroesophageal Junction"
"ESPGEJ_J","ESPGEJ","J","esophagus_gastroesophageal_junction","Esophagus - Gastroesophageal Junction"
"ESPGEJ_K","ESPGEJ","K","esophagus_gastroesophageal_junction","Esophagus - Gastroesophageal Junction"
"ESPGEJ_L_1","ESPGEJ","L.1","esophagus_gastroesophageal_junction","Esophagus - Gastroesophageal Junction"
"ESPGEJ_L_2","ESPGEJ","L.2","esophagus_gastroesophageal_junction","Esophagus - Gastroesophageal Junction"
"ESPMCS_X","ESPMCS","X","esophagus_mucosa","Esophagus - Mucosa"
"ESPMCS_A_1","ESPMCS","A.1","esophagus_mucosa","Esophagus - Mucosa"
"ESPMCS_A_2","ESPMCS","A.2","esophagus_mucosa","Esophagus - Mucosa"
"ESPMCS_B","ESPMCS","B","esophagus_mucosa","Esophagus - Mucosa"
"ESPMCS_C","ESPMCS","C","esophagus_mucosa","Esophagus - Mucosa"
"ESPMCS_D_1","ESPMCS","D.1","esophagus_mucosa","Esophagus - Mucosa"
"ESPMCS_D_2","ESPMCS","D.2","esophagus_mucosa","Esophagus - Mucosa"
"ESPMCS_E","ESPMCS","E","esophagus_mucosa","Esophagus - Mucosa"
"ESPMCS_F_1","ESPMCS","F.1","esophagus_mucosa","Esophagus - Mucosa"
"ESPMCS_F_2","ESPMCS","F.2","esophagus_mucosa","Esophagus - Mucosa"
"ESPMCS_G_1","ESPMCS","G.1","esophagus_mucosa","Esophagus - Mucosa"
"ESPMCS_G_2","ESPMCS","G.2","esophagus_mucosa","Esophagus - Mucosa"
"ESPMSL_X","ESPMSL","X","esophagus_muscularis","Esophagus - Muscularis"
"ESPMSL_A_1","ESPMSL","A.1","esophagus_muscularis","Esophagus - Muscularis"
"ESPMSL_A_2","ESPMSL","A.2","esophagus_muscularis","Esophagus - Muscularis"
"ESPMSL_B","ESPMSL","B","esophagus_muscularis","Esophagus - Muscularis"
"ESPMSL_C_1","ESPMSL","C.1","esophagus_muscularis","Esophagus - Muscularis"
"ESPMSL_C_2","ESPMSL","C.2","esophagus_muscularis","Esophagus - Muscularis"
"ESPMSL_D_1","ESPMSL","D.1","esophagus_muscularis","Esophagus - Muscularis"
"ESPMSL_D_2","ESPMSL","D.2","esophagus_muscularis","Esophagus - Muscularis"
"ESPMSL_E_1","ESPMSL","E.1","esophagus_muscularis","Esophagus - Muscularis"
"ESPMSL_E_2","ESPMSL","E.2","esophagus_muscularis","Esophagus - Muscularis"
"ESPMSL_F","ESPMSL","F","esophagus_muscularis","Esophagus - Muscularis"
"ESPMSL_G","ESPMSL","G","esophagus_muscularis","Esophagus - Muscularis"
"ESPMSL_H","ESPMSL","H","esophagus_muscularis","Esophagus - Muscularis"
"ESPMSL_I","ESPMSL","I","esophagus_muscularis","Esophagus - Muscularis"
"ESPMSL_J_1","ESPMSL","J.1","esophagus_muscularis","Esophagus - Muscularis"
"ESPMSL_J_2","ESPMSL","J.2","esophagus_muscularis","Esophagus - Muscularis"
"HRTAA_X","HRTAA","X","heart_atrial_appendage","Heart - Atrial Appendage"
"HRTAA_A_1","HRTAA","A.1","heart_atrial_appendage","Heart - Atrial Appendage"
"HRTAA_A_2","HRTAA","A.2","heart_atrial_appendage","Heart - Atrial Appendage"
"HRTAA_B_1","HRTAA","B.1","heart_atrial_appendage","Heart - Atrial Appendage"
"HRTAA_B_2","HRTAA","B.2","heart_atrial_appendage","Heart - Atrial Appendage"
"HRTAA_C","HRTAA","C","heart_atrial_appendage","Heart - Atrial Appendage"
"HRTAA_D","HRTAA","D","heart_atrial_appendage","Heart - Atrial Appendage"
"HRTAA_E_1","HRTAA","E.1","heart_atrial_appendage","Heart - Atrial Appendage"
"HRTAA_E_2","HRTAA","E.2","heart_atrial_appendage","Heart - Atrial Appendage"
"HRTAA_F","HRTAA","F","heart_atrial_appendage","Heart - Atrial Appendage"
"HRTAA_G","HRTAA","G","heart_atrial_appendage","Heart - Atrial Appendage"
"HRTAA_H","HRTAA","H","heart_atrial_appendage","Heart - Atrial Appendage"
"HRTAA_I_1","HRTAA","I.1","heart_atrial_appendage","Heart - Atrial Appendage"
"HRTAA_I_2","HRTAA","I.2","heart_atrial_appendage","Heart - Atrial Appendage"
"HRTAA_J","HRTAA","J","heart_atrial_appendage","Heart - Atrial Appendage"
"HRTAA_K_1","HRTAA","K.1","heart_atrial_appendage","Heart - Atrial Appendage"
"HRTAA_K_2","HRTAA","K.2","heart_atrial_appendage","Heart - Atrial Appendage"
"HRTLV_X","HRTLV","X","heart_left_ventricle","Heart - Left Ventricle"
"HRTLV_A","HRTLV","A","heart_left_ventricle","Heart - Left Ventricle"
"HRTLV_B_1","HRTLV","B.1","heart_left_ventricle","Heart - Left Ventricle"
"HRTLV_B_2","HRTLV","B.2","heart_left_ventricle","Heart - Left Ventricle"
"HRTLV_C","HRTLV","C","heart_left_ventricle","Heart - Left Ventricle"
"HRTLV_D","HRTLV","D","heart_left_ventricle","Heart - Left Ventricle"
"HRTLV_E","HRTLV","E","heart_left_ventricle","Heart - Left Ventricle"
"HRTLV_F_1","HRTLV","F.1","heart_left_ventricle","Heart - Left Ventricle"
"HRTLV_F_2","HRTLV","F.2","heart_left_ventricle","Heart - Left Ventricle"
"HRTLV_G_1","HRTLV","G.1","heart_left_ventricle","Heart - Left Ventricle"
"HRTLV_G_2","HRTLV","G.2","heart_left_ventricle","Heart - Left Ventricle"
"HRTLV_H_1","HRTLV","H.1","heart_left_ventricle","Heart - Left Ventricle"
"HRTLV_H_2","HRTLV","H.2","heart_left_ventricle","Heart - Left Ventricle"
"KDNCTX_X","KDNCTX","X","kidney_cortex","Kidney - Cortex"
"KDNCTX_A","KDNCTX","A","kidney_cortex","Kidney - Cortex"
"KDNCTX_B","KDNCTX","B","kidney_cortex","Kidney - Cortex"
"KDNCTX_C","KDNCTX","C","kidney_cortex","Kidney - Cortex"
"KDNCTX_D","KDNCTX","D","kidney_cortex","Kidney - Cortex"
"KDNCTX_E","KDNCTX","E","kidney_cortex","Kidney - Cortex"
"KDNCTX_F","KDNCTX","F","kidney_cortex","Kidney - Cortex"
"KDNCTX_G_1","KDNCTX","G.1","kidney_cortex","Kidney - Cortex"
"KDNCTX_G_2","KDNCTX","G.2","kidney_cortex","Kidney - Cortex"
"KDNCTX_H","KDNCTX","H","kidney_cortex","Kidney - Cortex"
"KDNCTX_I","KDNCTX","I","kidney_cortex","Kidney - Cortex"
"KDNCTX_J","KDNCTX","J","kidney_cortex","Kidney - Cortex"
"LIVER_X","LIVER","X","liver","Liver"
"LIVER_A_1","LIVER","A.1","liver","Liver"
"LIVER_A_2","LIVER","A.2","liver","Liver"
"LIVER_B","LIVER","B","liver","Liver"
"LIVER_C","LIVER","C","liver","Liver"
"LIVER_D","LIVER","D","liver","Liver"
"LIVER_E","LIVER","E","liver","Liver"
"LIVER_F","LIVER","F","liver","Liver"
"LIVER_G","LIVER","G","liver","Liver"
"LIVER_H","LIVER","H","liver","Liver"
"LIVER_I_1","LIVER","I.1","liver","Liver"
"LIVER_I_2","LIVER","I.2","liver","Liver"
"LUNG_X","LUNG","X","lung","Lung"
"LUNG_A","LUNG","A","lung","Lung"
"LUNG_B","LUNG","B","lung","Lung"
"LUNG_C_1","LUNG","C.1","lung","Lung"
"LUNG_C_2","LUNG","C.2","lung","Lung"
"LUNG_D","LUNG","D","lung","Lung"
"LUNG_E","LUNG","E","lung","Lung"
"LUNG_F_1","LUNG","F.1","lung","Lung"
"LUNG_F_2","LUNG","F.2","lung","Lung"
"LUNG_G","LUNG","G","lung","Lung"
"LUNG_H_1","LUNG","H.1","lung","Lung"
"LUNG_H_2","LUNG","H.2","lung","Lung"
"SLVGLND_X","SLVGLND","X","minor_salivary_gland","Minor Salivary Gland"
"SLVGLND_A","SLVGLND","A","minor_salivary_gland","Minor Salivary Gland"
"SLVGLND_B","SLVGLND","B","minor_salivary_gland","Minor Salivary Gland"
"SLVGLND_C","SLVGLND","C","minor_salivary_gland","Minor Salivary Gland"
"SLVGLND_D","SLVGLND","D","minor_salivary_gland","Minor Salivary Gland"
"SLVGLND_E_1","SLVGLND","E.1","minor_salivary_gland","Minor Salivary Gland"
"SLVGLND_E_2","SLVGLND","E.2","minor_salivary_gland","Minor Salivary Gland"
"SLVGLND_F","SLVGLND","F","minor_salivary_gland","Minor Salivary Gland"
"SLVGLND_G_1","SLVGLND","G.1","minor_salivary_gland","Minor Salivary Gland"
"SLVGLND_G_2","SLVGLND","G.2","minor_salivary_gland","Minor Salivary Gland"
"MSCLSK_X","MSCLSK","X","muscle_skeletal","Muscle - Skeletal"
"MSCLSK_A","MSCLSK","A","muscle_skeletal","Muscle - Skeletal"
"MSCLSK_B","MSCLSK","B","muscle_skeletal","Muscle - Skeletal"
"MSCLSK_C_1","MSCLSK","C.1","muscle_skeletal","Muscle - Skeletal"
"MSCLSK_C_2","MSCLSK","C.2","muscle_skeletal","Muscle - Skeletal"
"MSCLSK_D","MSCLSK","D","muscle_skeletal","Muscle - Skeletal"
"MSCLSK_E_1","MSCLSK","E.1","muscle_skeletal","Muscle - Skeletal"
"MSCLSK_E_2","MSCLSK","E.2","muscle_skeletal","Muscle - Skeletal"
"MSCLSK_F","MSCLSK","F","muscle_skeletal","Muscle - Skeletal"
"MSCLSK_G","MSCLSK","G","muscle_skeletal","Muscle - Skeletal"
"MSCLSK_H_1","MSCLSK","H.1","muscle_skeletal","Muscle - Skeletal"
"MSCLSK_H_2","MSCLSK","H.2","muscle_skeletal","Muscle - Skeletal"
"MSCLSK_I","MSCLSK","I","muscle_skeletal","Muscle - Skeletal"
"MSCLSK_J","MSCLSK","J","muscle_skeletal","Muscle - Skeletal"
"NERVET_X","NERVET","X","nerve_tibial","Nerve - Tibial"
"NERVET_A_1","NERVET","A.1","nerve_tibial","Nerve - Tibial"
"NERVET_A_2","NERVET","A.2","nerve_tibial","Nerve - Tibial"
"NERVET_B_1","NERVET","B.1","nerve_tibial","Nerve - Tibial"
"NERVET_B_2","NERVET","B.2","nerve_tibial","Nerve - Tibial"
"NERVET_C","NERVET","C","nerve_tibial","Nerve - Tibial"
"NERVET_D_1","NERVET","D.1","nerve_tibial","Nerve - Tibial"
"NERVET_D_2","NERVET","D.2","nerve_tibial","Nerve - Tibial"
"NERVET_E","NERVET","E","nerve_tibial","Nerve - Tibial"
"NERVET_F","NERVET","F","nerve_tibial","Nerve - Tibial"
"NERVET_G_1","NERVET","G.1","nerve_tibial","Nerve - Tibial"
"NERVET_G_2","NERVET","G.2","nerve_tibial","Nerve - Tibial"
"OVARY_X","OVARY","X","ovary","Ovary"
"OVARY_A_1","OVARY","A.1","ovary","Ovary"
"OVARY_A_2","OVARY","A.2","ovary","Ovary"
"OVARY_B_1","OVARY","B.1","ovary","Ovary"
"OVARY_B_2","OVARY","B.2","ovary","Ovary"
"OVARY_C_1","OVARY","C.1","ovary","Ovary"
"OVARY_C_2","OVARY","C.2","ovary","Ovary"
"OVARY_D","OVARY","D","ovary","Ovary"
"OVARY_E","OVARY","E","ovary","Ovary"
"OVARY_F","OVARY","F","ovary","Ovary"
"OVARY_G","OVARY","G","ovary","Ovary"
"OVARY_H","OVARY","H","ovary","Ovary"
"OVARY_I","OVARY","I","ovary","Ovary"
"OVARY_J","OVARY","J","ovary","Ovary"
"OVARY_K","OVARY","K","ovary","Ovary"
"PNCREAS_X","PNCREAS","X","pancreas","Pancreas"
"PNCREAS_A","PNCREAS","A","pancreas","Pancreas"
"PNCREAS_B_1","PNCREAS","B.1","pancreas","Pancreas"
"PNCREAS_B_2","PNCREAS","B.2","pancreas","Pancreas"
"PNCREAS_C_1","PNCREAS","C.1","pancreas","Pancreas"
"PNCREAS_C_2","PNCREAS","C.2","pancreas","Pancreas"
"PNCREAS_D","PNCREAS","D","pancreas","Pancreas"
"PNCREAS_E","PNCREAS","E","pancreas","Pancreas"
"PNCREAS_F","PNCREAS","F","pancreas","Pancreas"
"PNCREAS_G_1","PNCREAS","G.1","pancreas","Pancreas"
"PNCREAS_G_2","PNCREAS","G.2","pancreas","Pancreas"
"PNCREAS_H_1","PNCREAS","H.1","pancreas","Pancreas"
"PNCREAS_H_2","PNCREAS","H.2","pancreas","Pancreas"
"PNCREAS_I","PNCREAS","I","pancreas","Pancreas"
"PNCREAS_J","PNCREAS","J","pancreas","Pancreas"
"PNCREAS_K_1","PNCREAS","K.1","pancreas","Pancreas"
"PNCREAS_K_2","PNCREAS","K.2","pancreas","Pancreas"
"PNCREAS_L","PNCREAS","L","pancreas","Pancreas"
"PNCREAS_M_1","PNCREAS","M.1","pancreas","Pancreas"
"PNCREAS_M_2","PNCREAS","M.2","pancreas","Pancreas"
"PTTARY_X","PTTARY","X","pituitary","Pituitary"
"PTTARY_A","PTTARY","A","pituitary","Pituitary"
"PTTARY_B_1","PTTARY","B.1","pituitary","Pituitary"
"PTTARY_B_2","PTTARY","B.2","pituitary","Pituitary"
"PTTARY_C_1","PTTARY","C.1","pituitary","Pituitary"
"PTTARY_C_2","PTTARY","C.2","pituitary","Pituitary"
"PTTARY_D","PTTARY","D","pituitary","Pituitary"
"PTTARY_E","PTTARY","E","pituitary","Pituitary"
"PTTARY_F","PTTARY","F","pituitary","Pituitary"
"PTTARY_G_1","PTTARY","G.1","pituitary","Pituitary"
"PTTARY_G_2","PTTARY","G.2","pituitary","Pituitary"
"PTTARY_H","PTTARY","H","pituitary","Pituitary"
"PTTARY_I","PTTARY","I","pituitary","Pituitary"
"PTTARY_J_1","PTTARY","J.1","pituitary","Pituitary"
"PTTARY_J_2","PTTARY","J.2","pituitary","Pituitary"
"PRSTTE_X","PRSTTE","X","prostate","Prostate"
"PRSTTE_A_1","PRSTTE","A.1","prostate","Prostate"
"PRSTTE_A_2","PRSTTE","A.2","prostate","Prostate"
"PRSTTE_B_1","PRSTTE","B.1","prostate","Prostate"
"PRSTTE_B_2","PRSTTE","B.2","prostate","Prostate"
"PRSTTE_C","PRSTTE","C","prostate","Prostate"
"PRSTTE_D","PRSTTE","D","prostate","Prostate"
"PRSTTE_E_1","PRSTTE","E.1","prostate","Prostate"
"PRSTTE_E_2","PRSTTE","E.2","prostate","Prostate"
"PRSTTE_F","PRSTTE","F","prostate","Prostate"
"PRSTTE_G","PRSTTE","G","prostate","Prostate"
"PRSTTE_H","PRSTTE","H","prostate","Prostate"
"PRSTTE_I","PRSTTE","I","prostate","Prostate"
"PRSTTE_J","PRSTTE","J","prostate","Prostate"
"PRSTTE_K_1","PRSTTE","K.1","prostate","Prostate"
"PRSTTE_K_2","PRSTTE","K.2","prostate","Prostate"
"SKINNS_X","SKINNS","X","skin_not_sun_exposed__suprapubic","Skin - Not Sun Exposed (Suprapubic)"
"SKINNS_A_1","SKINNS","A.1","skin_not_sun_exposed__suprapubic","Skin - Not Sun Exposed (Suprapubic)"
"SKINNS_A_2","SKINNS","A.2","skin_not_sun_exposed__suprapubic","Skin - Not Sun Exposed (Suprapubic)"
"SKINNS_B_1","SKINNS","B.1","skin_not_sun_exposed__suprapubic","Skin - Not Sun Exposed (Suprapubic)"
"SKINNS_B_2","SKINNS","B.2","skin_not_sun_exposed__suprapubic","Skin - Not Sun Exposed (Suprapubic)"
"SKINNS_C","SKINNS","C","skin_not_sun_exposed__suprapubic","Skin - Not Sun Exposed (Suprapubic)"
"SKINNS_D","SKINNS","D","skin_not_sun_exposed__suprapubic","Skin - Not Sun Exposed (Suprapubic)"
"SKINNS_E_1","SKINNS","E.1","skin_not_sun_exposed__suprapubic","Skin - Not Sun Exposed (Suprapubic)"
"SKINNS_E_2","SKINNS","E.2","skin_not_sun_exposed__suprapubic","Skin - Not Sun Exposed (Suprapubic)"
"SKINNS_F","SKINNS","F","skin_not_sun_exposed__suprapubic","Skin - Not Sun Exposed (Suprapubic)"
"SKINNS_G_1","SKINNS","G.1","skin_not_sun_exposed__suprapubic","Skin - Not Sun Exposed (Suprapubic)"
"SKINNS_G_2","SKINNS","G.2","skin_not_sun_exposed__suprapubic","Skin - Not Sun Exposed (Suprapubic)"
"SKINNS_H","SKINNS","H","skin_not_sun_exposed__suprapubic","Skin - Not Sun Exposed (Suprapubic)"
"SKINS_X","SKINS","X","skin_sun_exposed__lower_leg","Skin - Sun Exposed (Lower leg)"
"SKINS_A","SKINS","A","skin_sun_exposed__lower_leg","Skin - Sun Exposed (Lower leg)"
"SKINS_B","SKINS","B","skin_sun_exposed__lower_leg","Skin - Sun Exposed (Lower leg)"
"SKINS_C_1","SKINS","C.1","skin_sun_exposed__lower_leg","Skin - Sun Exposed (Lower leg)"
"SKINS_C_2","SKINS","C.2","skin_sun_exposed__lower_leg","Skin - Sun Exposed (Lower leg)"
"SKINS_D","SKINS","D","skin_sun_exposed__lower_leg","Skin - Sun Exposed (Lower leg)"
"SKINS_E_1","SKINS","E.1","skin_sun_exposed__lower_leg","Skin - Sun Exposed (Lower leg)"
"SKINS_E_2","SKINS","E.2","skin_sun_exposed__lower_leg","Skin - Sun Exposed (Lower leg)"
"SKINS_F","SKINS","F","skin_sun_exposed__lower_leg","Skin - Sun Exposed (Lower leg)"
"SKINS_G_1","SKINS","G.1","skin_sun_exposed__lower_leg","Skin - Sun Exposed (Lower leg)"
"SKINS_G_2","SKINS","G.2","skin_sun_exposed__lower_leg","Skin - Sun Exposed (Lower leg)"
"SKINS_H","SKINS","H","skin_sun_exposed__lower_leg","Skin - Sun Exposed (Lower leg)"
"SKINS_I","SKINS","I","skin_sun_exposed__lower_leg","Skin - Sun Exposed (Lower leg)"
"SIILE_X","SIILE","X","small_intestine_terminal_ileum","Small Intestine - Terminal Ileum"
"SIILE_A","SIILE","A","small_intestine_terminal_ileum","Small Intestine - Terminal Ileum"
"SIILE_B","SIILE","B","small_intestine_terminal_ileum","Small Intestine - Terminal Ileum"
"SIILE_C","SIILE","C","small_intestine_terminal_ileum","Small Intestine - Terminal Ileum"
"SIILE_D","SIILE","D","small_intestine_terminal_ileum","Small Intestine - Terminal Ileum"
"SPLEEN_X","SPLEEN","X","spleen","Spleen"
"SPLEEN_A","SPLEEN","A","spleen","Spleen"
"SPLEEN_B","SPLEEN","B","spleen","Spleen"
"SPLEEN_C","SPLEEN","C","spleen","Spleen"
"SPLEEN_D_1","SPLEEN","D.1","spleen","Spleen"
"SPLEEN_D_2","SPLEEN","D.2","spleen","Spleen"
"SPLEEN_E","SPLEEN","E","spleen","Spleen"
"SPLEEN_F","SPLEEN","F","spleen","Spleen"
"SPLEEN_G","SPLEEN","G","spleen","Spleen"
"SPLEEN_H","SPLEEN","H","spleen","Spleen"
"SPLEEN_I_1","SPLEEN","I.1","spleen","Spleen"
"SPLEEN_I_2","SPLEEN","I.2","spleen","Spleen"
"STMACH_X","STMACH","X","stomach","Stomach"
"STMACH_A_1","STMACH","A.1","stomach","Stomach"
"STMACH_A_2","STMACH","A.2","stomach","Stomach"
"STMACH_B","STMACH","B","stomach","Stomach"
"STMACH_C","STMACH","C","stomach","Stomach"
"STMACH_D","STMACH","D","stomach","Stomach"
"STMACH_E_1","STMACH","E.1","stomach","Stomach"
"STMACH_E_2","STMACH","E.2","stomach","Stomach"
"TESTIS_X","TESTIS","X","testis","Testis"
"TESTIS_A","TESTIS","A","testis","Testis"
"TESTIS_B","TESTIS","B","testis","Testis"
"TESTIS_C","TESTIS","C","testis","Testis"
"TESTIS_D","TESTIS","D","testis","Testis"
"TESTIS_E","TESTIS","E","testis","Testis"
"TESTIS_F","TESTIS","F","testis","Testis"
"THYROID_X","THYROID","X","thyroid","Thyroid"
"THYROID_A","THYROID","A","thyroid","Thyroid"
"THYROID_B_1","THYROID","B.1","thyroid","Thyroid"
"THYROID_B_2","THYROID","B.2","thyroid","Thyroid"
"THYROID_C","THYROID","C","thyroid","Thyroid"
"THYROID_D_1","THYROID","D.1","thyroid","Thyroid"
"THYROID_D_2","THYROID","D.2","thyroid","Thyroid"
"THYROID_E","THYROID","E","thyroid","Thyroid"
"THYROID_F","THYROID","F","thyroid","Thyroid"
"THYROID_G_1","THYROID","G.1","thyroid","Thyroid"
"THYROID_G_2","THYROID","G.2","thyroid","Thyroid"
"THYROID_H_1","THYROID","H.1","thyroid","Thyroid"
"THYROID_H_2","THYROID","H.2","thyroid","Thyroid"
"UTERUS_X","UTERUS","X","uterus","Uterus"
"UTERUS_A_1","UTERUS","A.1","uterus","Uterus"
"UTERUS_A_2","UTERUS","A.2","uterus","Uterus"
"UTERUS_B","UTERUS","B","uterus","Uterus"
"UTERUS_C_1","UTERUS","C.1","uterus","Uterus"
"UTERUS_C_2","UTERUS","C.2","uterus","Uterus"
"UTERUS_D","UTERUS","D","uterus","Uterus"
"UTERUS_E_1","UTERUS","E.1","uterus","Uterus"
"UTERUS_E_2","UTERUS","E.2","uterus","Uterus"
"UTERUS_F_1","UTERUS","F.1","uterus","Uterus"
"UTERUS_F_2","UTERUS","F.2","uterus","Uterus"
"UTERUS_G","UTERUS","G","uterus","Uterus"
"UTERUS_H","UTERUS","H","uterus","Uterus"
"UTERUS_I","UTERUS","I","uterus","Uterus"
"UTERUS_J_1","UTERUS","J.1","uterus","Uterus"
"UTERUS_J_2","UTERUS","J.2","uterus","Uterus"
"UTERUS_K_1","UTERUS","K.1","uterus","Uterus"
"UTERUS_K_2","UTERUS","K.2","uterus","Uterus"
"UTERUS_L","UTERUS","L","uterus","Uterus"
"UTERUS_M_1","UTERUS","M.1","uterus","Uterus"
"UTERUS_M_2","UTERUS","M.2","uterus","Uterus"
"UTERUS_N","UTERUS","N","uterus","Uterus"
"UTERUS_O","UTERUS","O","uterus","Uterus"
"VAGINA_X","VAGINA","X","vagina","Vagina"
"VAGINA_A","VAGINA","A","vagina","Vagina"
"VAGINA_B","VAGINA","B","vagina","Vagina"
"VAGINA_C","VAGINA","C","vagina","Vagina"
"VAGINA_D","VAGINA","D","vagina","Vagina"
"VAGINA_E","VAGINA","E","vagina","Vagina"
"VAGINA_F","VAGINA","F","vagina","Vagina"
"VAGINA_G","VAGINA","G","vagina","Vagina"
"VAGINA_H","VAGINA","H","vagina","Vagina"
"BLOOD_X","BLOOD","X","whole_blood","Whole Blood"
"BLOOD_A","BLOOD","A","whole_blood","Whole Blood"
"BLOOD_B_1","BLOOD","B.1","whole_blood","Whole Blood"
"BLOOD_B_2","BLOOD","B.2","whole_blood","Whole Blood"
"BLOOD_C","BLOOD","C","whole_blood","Whole Blood"
"BLOOD_D","BLOOD","D","whole_blood","Whole Blood"
"BLOOD_E","BLOOD","E","whole_blood","Whole Blood"
"BLOOD_F_1","BLOOD","F.1","whole_blood","Whole Blood"
"BLOOD_F_2","BLOOD","F.2","whole_blood","Whole Blood"
